{
  "position": "RB",
  "season": 2025,
  "season_type": "REG",
  "train_weeks": "[1, 2, 3, 4, 5]",
  "test_weeks": "[6]",
  "use_weighting": true,
  "use_usage_filter": true,
  "n_predictions": 52,
  "mae": 23.168331616209837,
  "rmse": 34.753769625196,
  "mape": 92.60208706344272,
  "correlation": 0.5675301795631187,
  "directional_accuracy": 84.61538461538461,
  "coverage_50_75": 26.923076923076923
}