{
  "position": "WR",
  "season": 2025,
  "season_type": "REG",
  "train_weeks": "[1, 2, 3, 4, 5]",
  "test_weeks": "[6]",
  "use_weighting": true,
  "use_usage_filter": true,
  "n_predictions": 77,
  "mae": 30.456012190080088,
  "rmse": 38.7657134545404,
  "mape": 128.64408829573532,
  "correlation": 0.2775985538430865,
  "directional_accuracy": 58.44155844155844,
  "coverage_50_75": 27.27272727272727
}